-- phpMyAdmin SQL Dump
-- version 4.7.9
-- https://www.phpmyadmin.net/
--
-- Host: 127.0.0.1
-- Generation Time: 2018-07-23 17:17:27
-- 服务器版本： 10.1.31-MariaDB
-- PHP Version: 7.2.3

SET SQL_MODE = "NO_AUTO_VALUE_ON_ZERO";
SET AUTOCOMMIT = 0;
START TRANSACTION;
SET time_zone = "+00:00";


/*!40101 SET @OLD_CHARACTER_SET_CLIENT=@@CHARACTER_SET_CLIENT */;
/*!40101 SET @OLD_CHARACTER_SET_RESULTS=@@CHARACTER_SET_RESULTS */;
/*!40101 SET @OLD_COLLATION_CONNECTION=@@COLLATION_CONNECTION */;
/*!40101 SET NAMES utf8mb4 */;

--
-- Database: `pubg`
--

-- --------------------------------------------------------

--
-- 表的结构 `dev_blog`
--

CREATE TABLE `dev_blog` (
  `did` int(11) NOT NULL,
  `dimg` varchar(256) DEFAULT NULL,
  `durl` varchar(256) DEFAULT NULL,
  `dtitle` varchar(64) DEFAULT NULL,
  `ddc` varchar(256) DEFAULT NULL
) ENGINE=InnoDB DEFAULT CHARSET=utf8;

--
-- 转存表中的数据 `dev_blog`
--

INSERT INTO `dev_blog` (`did`, `dimg`, `durl`, `dtitle`, `ddc`) VALUES
(1, 'img/index/notice_thumbnail_1526612376474.jpg', '###', 'Dev Letter:Recent Feedback and Fidk Red blcak fjk ', 'Lorem ipsum dolor sit amet, consectetur adipisicing elit. Amet consequatur dicta, doloribus ea eius expedita fugiat ipsam iusto nemo numquam omnis pariatur possimus quasi. Accusantium deserunt in itaque officia sed'),
(2, 'img/index/notice_thumbnail_1527560471740.jpg', '##', 'Event Mode:Ghillie Crossing', 'Lorem ipsum dolor sit amet, consectetur adipisicing elit. Amet consequatur dicta, doloribus ea eius expedita fugiat ipsam iusto nemo numquam omnis pariatur possimus quasi. Accusantium deserunt in itaque officia sed');

-- --------------------------------------------------------

--
-- 表的结构 `gun_details`
--

CREATE TABLE `gun_details` (
  `did` int(11) NOT NULL,
  `dname` varchar(32) DEFAULT NULL,
  `ammo` varchar(32) DEFAULT NULL,
  `cap` tinyint(4) DEFAULT NULL,
  `power` tinyint(4) DEFAULT NULL,
  `d_range` tinyint(4) DEFAULT NULL,
  `stability` tinyint(4) DEFAULT NULL,
  `rate` tinyint(4) DEFAULT NULL,
  `bsd_lv0` varchar(16) DEFAULT NULL,
  `bsd_lv1` varchar(16) DEFAULT NULL,
  `bsd_lv2` varchar(16) DEFAULT NULL,
  `bsd_lv3` varchar(16) DEFAULT NULL,
  `hsd_lv0` varchar(16) DEFAULT NULL,
  `hsd_lv1` varchar(16) DEFAULT NULL,
  `hsd_lv2` varchar(16) DEFAULT NULL,
  `hsd_lv3` varchar(16) DEFAULT NULL,
  `d_describe` varchar(128) DEFAULT NULL,
  `d_picture` varchar(128) DEFAULT NULL,
  `type_id` int(11) DEFAULT NULL
) ENGINE=InnoDB DEFAULT CHARSET=utf8;

--
-- 转存表中的数据 `gun_details`
--

INSERT INTO `gun_details` (`did`, `dname`, `ammo`, `cap`, `power`, `d_range`, `stability`, `rate`, `bsd_lv0`, `bsd_lv1`, `bsd_lv2`, `bsd_lv3`, `hsd_lv0`, `hsd_lv1`, `hsd_lv2`, `hsd_lv3`, `d_describe`, `d_picture`, `type_id`) VALUES
(1, 'AWM', '.300', 5, 100, 100, 34, 6, '100', '92', '85', '75', '300', '200', '150', '100', NULL, NULL, 1),
(2, 'M24', '7.62', 5, 77, 96, 32, 6, '77', '70.84', '65.45', '57.75', '231', '154', '115.5', '77', NULL, NULL, 1),
(3, 'Kar_98', '7.62', 5, 66, 79, 34, 4, '66', '60.72', '56.1', '49.5', '198', '132', '99', '66', NULL, NULL, 1),
(4, 'SKS', '7.62', 10, 50, 64, 48, 32, '50', '46', '42.5', '37.5', '150', '100', '75', '50', NULL, NULL, 1),
(5, 'AKM', '7.62', 30, 42, 60, 34, 61, '42', '38.5', '35.5', '31.5', '126', '84', '63', '42', NULL, NULL, 2),
(6, 'SCAR', '5.56', 30, 37, 55, 31, 71, '37', '34', '31.5', '28', '111', '74', '55.5', '37', NULL, NULL, 2),
(7, 'M16A4', '5.56', 30, 37, 62, 28, 81, '37', '34', '31.5', '28', '111', '74', '55.5', '37', NULL, NULL, 2),
(8, 'M416', '5.56', 30, 37, 57, 32, 77, '37', '34', '31.5', '28', '111', '74', '55.5', '37', NULL, NULL, 2),
(9, 'Tommy_Gun', '.45', 100, 35, 46, 31, 100, '35', '32', '30', '26', '105', '70', '52.5', '35', NULL, NULL, 3),
(10, 'UMP9', '9mm', 30, 30, 30, 31, 62, '30', '27.5', '25.5', '22.5', '90', '60', '45', '30', NULL, NULL, 3),
(11, 'UZI', '9mm', 25, 21, 22, 31, 70, '21', '19.5', '18', '15.5', '63', '42', '31.5', '21', NULL, NULL, 3),
(12, 'S686', '12G', 2, 100, 13, 77, 7, '100', '92', '85', '75', '300', '200', '150', '100', NULL, NULL, 4),
(13, 'S1897', '12G', 5, 100, 8, 77, 8, '100', '92', '85', '75', '300', '200', '150', '100', NULL, NULL, 4),
(14, 'S12K', '12G', 5, 92, 9, 86, 15, '92', '84.5', '78', '69', '276', '184', '138', '92', NULL, NULL, 4),
(15, 'R1895', '7.62', 7, 42, 31, 29, 11, '42', '38.5', '35.5', '31.5', '126', '84', '63', '42', NULL, NULL, 5),
(16, 'P1911', '.45', 7, 32, 15, 26, 29, '32', '29.5', '27', '24', '96', '64', '48', '32', NULL, NULL, 5),
(17, 'P92', '9mm', 15, 27, 15, 25, 53, '27', '25', '23', '20', '81', '54', '40.5', '27', NULL, NULL, 5);

-- --------------------------------------------------------

--
-- 表的结构 `gun_type`
--

CREATE TABLE `gun_type` (
  `tid` int(11) NOT NULL,
  `tname` varchar(32) DEFAULT NULL
) ENGINE=InnoDB DEFAULT CHARSET=utf8;

--
-- 转存表中的数据 `gun_type`
--

INSERT INTO `gun_type` (`tid`, `tname`) VALUES
(1, 'Snipers'),
(2, 'ARs'),
(3, 'MGs'),
(4, 'Shotguns'),
(5, 'Pistols');

-- --------------------------------------------------------

--
-- 表的结构 `news`
--

CREATE TABLE `news` (
  `nid` int(11) NOT NULL,
  `ntitle` varchar(128) DEFAULT NULL,
  `ntype` varchar(64) DEFAULT NULL,
  `ntime` bigint(20) DEFAULT NULL,
  `ndetail` text
) ENGINE=InnoDB DEFAULT CHARSET=utf8;

--
-- 转存表中的数据 `news`
--

INSERT INTO `news` (`nid`, `ntitle`, `ntype`, `ntime`, `ndetail`) VALUES
(1, '腾讯联手警方破获《绝地求生》特大外挂案 20多个省市抓获嫌疑人141名', 'new', 1530806400000, '    <p>\r\n     近期，《绝地求生》国服反外挂行动再传捷报，在腾讯守护者计划安全团队的协助下，南京网安支队成功破获一起《绝地求生》外挂制作及销售特大犯罪案件。本案抓获犯罪嫌疑人141名，涉案金额5000余万元，是目前全国破获的最大的游戏外挂犯罪团伙案件。\r\n    </p>\r\n    <p>\r\n     今年3月，腾讯守护者计划安全团队向南京网安支队举报，有人公然售卖《绝地求生》游戏外挂，严重破坏了游戏的公平性。经初查，该外挂团伙经营外挂10余种，向网上玩家出售外挂“卡密”，每天获利达数万元。南京网安支队会同相关分局，通过网上挖掘经营，摸清了游戏外挂各利益环节的“产业黑链”，查明了百余名涉案人员的身份、犯罪活动等情况。\r\n    </p>\r\n    <p>\r\n        4月22日至26日，南京网安支队调集200余名警力，分赴北京、上海、山东、浙江等全国20多个省市开展抓捕行动，成功抓获犯罪嫌疑人141名（其中外挂作者3人、卡盟4个），缴获手机、电脑等涉案物品近200件、外挂程序卡密20000余条、捣毁犯罪工作室6个，涉及名为冰点、天使、TOX、复仇、鹰眼、紫龙、聆风、凯撒、BATE等市面上最火的外挂软件，给《绝地求生》外挂“黑产黑市”予以沉重一击。目前相关案件还在侦办中。\r\n    </p>\r\n    <div>\r\n        <img src=\"img/news/new/1530806400000/1530845400121667.png\" alt=\"\">\r\n    </div>\r\n    <div>\r\n        <img src=\"img/news/new/1530806400000/1530845408480237.jpg\" alt=\"\">\r\n    </div>\r\n    <div>\r\n        <img src=\"img/news/new/1530806400000/1530845415431263.jpg\" alt=\"\">\r\n    </div>\r\n    <p>\r\n        根据国家法律规定，游戏外挂属破坏性程序工具，参与制作、销售的人员涉嫌构成“提供侵入、非法控制计算机信息系统程序、工具罪”，违法人员最终都要接受法律的制裁。\r\n    </p>\r\n    <div>\r\n        <img src=\"img/news/new/1530806400000/1530845424379758.jpg\" alt=\"\">\r\n    </div>\r\n    <div>\r\n        <img src=\"img/news/new/1530806400000/1530845428782440.png\" alt=\"\">\r\n    </div>\r\n    <div>\r\n        <img src=\"img/news/new/1530806400000/1530845435115086.jpg\" alt=\"\">\r\n    </div>\r\n    <p>\r\n        自《绝地求生》国服成立反外挂专项小组以来，已连续打击多起外挂刑事案件。面对外挂制作、销售、使用的黑色产业链，《绝地求生》国服反外挂小组已经具备一套完整的查证和应对方案，并有决心与外挂制作者及使用者进行持久、全面的“攻防” 。未来，腾讯将继续协助警方持续对外挂团伙进行刑事打击，坚持营造和守护公平、绿色的游戏环境。\r\n    </p>'),
(2, '重拳不断！《绝地求生》外挂案再传捷报', 'new', 1527609600000, '    <p>\r\n        自腾讯绝地求生反外挂小组成立以来，打击《绝地求生》游戏外挂捷报频传。就在近日，在腾讯守护者计划安全团队的协助下，淮安警方成功破获了一起《绝地求生》外挂刑事案件。\r\n    </p>\r\n    <p>\r\n        2018年2月，腾讯守护者计划安全团队联手淮安警方发现，淮安市清江浦区辖区内有人在互联网上公然贩卖《绝地求生》游戏外挂程序，极大的干扰了正常的网络安全环境，清江浦公安分局迅速开展紧密侦查。4月26日，在腾讯守护者计划安全团队的协助下，淮安警方一举将孙某等六名犯罪嫌疑人抓获，并顺藤摸瓜，成功将该外挂产业链源头即外挂作者陈某抓获。\r\n    </p>\r\n    <div>\r\n        <img src=\"img/news/new/1527609600000/1527679801184210.png\" alt=\"\">\r\n    </div>\r\n    <p>\r\n        经调查，嫌疑人孙某伙同他人通过组建QQ群组大量销售 “金刚狼”、“黑寡妇”等针对《绝地求生》游戏的非法外挂程序，涉案金额巨大。犯罪嫌疑人孙某交代，其贩卖的外挂程序由高某与屠某、洪某一同进行非法售卖，并由马某提供技术支持。至此，该外挂制作、销售团伙均被淮安警方一网打尽。该团伙售卖外挂超过10万人次，非法获利200余万元。目前，本案正在进一步侦办中。\r\n    </p>\r\n    <div>\r\n        <img src=\"img/news/new/1527609600000/1527679858323865.png\" alt=\"\">\r\n    </div>\r\n    <p>\r\n        自“净网2018”行动开展以来，腾讯守护者计划安全团队联合多地警方接连重拳出击，有效打击了《绝地求生》外挂犯罪团伙。接下来，腾讯守护者计划安全团队将继续配合警方开展净网行动，确保《绝地求生》外挂案件的刑事打击力度，维护公平、绿色的网络安全环境。\r\n    </p>'),
(3, '六省统一收网 腾讯联手警方再破《绝地求生》外挂案', 'new', 1526400000000, '    <p>\r\n        近期，在腾讯守护者计划安全团队的协助下，襄阳警方成功抓捕1个《绝地求生》外挂制作及销售特大犯罪团伙。本案抓获犯罪嫌疑人11名，摧毁制售外挂工作室窝点2处，查明非法资金2000余万元。\r\n    </p>\r\n    <p>\r\n        2018年1月，腾讯守护者计划安全团队联手襄阳公安，发现一条专门针对当前热门游戏《绝地求生》的网络黑色产业链，经过深入调查后发现：主犯黄某某，经营两个非法网站，售卖游戏外挂多达几十种，上下线有外挂作者、卡盟平台、销售代理等，多个环节构成一体。该黑色产业链人数众多、规模庞大、分工明确、组织成员分布全国各地，是具有新型作案方式的网络犯罪团伙。\r\n    </p>\r\n    <div>\r\n        <img src=\"img/news/new/1526400000000/1526438968803644.png\" alt=\"\">\r\n    </div>\r\n    <p>\r\n        由于该案案情复杂，影响广泛，襄阳市公安局网安支队会同襄州区公安局网安大队组成专案组，及时对案件线索和嫌疑人身份进行排查。在摸清犯罪团伙主要上下层级关系后，专案组组成6个抓捕专班分赴湖北、河北、吉林、四川、江西、陕西等地，六省统一集中收网，先后抓获涉案嫌疑人11人，收缴涉案资金1200余万元，查明非法资金2000余万元，扣押作案用计算机10余台、手机10余部、银行卡20余张。目前已到案的11名嫌疑人中，黄某某、陈某、桂某、郭某、刘某、周某因涉嫌破坏计算机信息系统罪已被襄州区检察院批准逮捕，其余涉案嫌疑人分别被采取刑事强制措施。案件正在进一步侦办中。\r\n    </p>\r\n    <div>\r\n        <img src=\"img/news/new/1526400000000/1526438986106539.png\" alt=\"\">\r\n    </div>\r\n    <p>\r\n        自从腾讯公开表态将严厉打击《绝地求生》外挂以来，腾讯守护者计划安全团队联合多地警方短时间内重锤出击，连续打击了多个《绝地求生》游戏外挂犯罪团伙。未来，腾讯守护者计划安全团队还将配合警方继续进行“净网2018”行动，持续跟进各个外挂案件的后续进展，确保《绝地求生》外挂案件的刑事打击力度，坚定维护一个绿色公平的游戏环境。\r\n    </p>'),
(4, '腾讯联手警方再下重锤 2个外挂黑产团伙被端', 'new', 1524585600000, '    <p>\r\n        近期，在腾讯守护者计划安全团队的协助下，江苏连云港、淮安两地警方成功抓捕2个《绝地求生》外挂制作及销售团伙，截至目前已抓获犯罪嫌疑人18名，再次充分展现了腾讯对于《绝地求生》国服反外挂的决心和态度。\r\n    </p>\r\n    <p>\r\n        早在2017年12月1日腾讯游戏嘉年华《绝地求生》国服发布会上，腾讯就公开表态将严厉打击《绝地求生》外挂。短短12天后，在腾讯守护者计划安全团队的协助下，联手江苏无锡警方宣告《绝地求生》外挂首案告破，抓获多名犯罪嫌疑人。\r\n    </p>\r\n    <p>\r\n        在新的一年，绝地求生反外挂小组又发现新的外挂团伙通过《绝地求生》外挂从事捆绑木马、非法窃取用户信息等行为，腾讯守护者计划安全团队立即报案并协助连云港警方进行抓捕。该外挂团伙分工明确，由外挂作者、销售平台、销售代理、空间服务商、技术服务商、低价注册账号以及盗号租号类工作室组成为一条庞大黑色产业链，销售《绝地求生》游戏外挂程序多达百种。截止目前，连云港警方已经抓获销售平台、代理、外挂作者等主要嫌疑人15名，包含 “OMG”（国内首款稳定透视单板）、“FL”、“火狐”、“须弥”、“炎黄”游戏外挂程序作者以及全国圈内知名总代，查明非法资金3000余万元，其他涉案人员也在陆续抓捕中。\r\n    </p>\r\n    <div>\r\n        <img src=\"img/news/new/1524585600000/1524654839266661.png\" alt=\"\">\r\n    </div>\r\n    <p>\r\n        图：《绝地求生》外挂团伙涉案嫌疑人\r\n    </p>\r\n    <p>\r\n        此外，绝地求生反外挂小组也注意到网络上传播的部分外挂集成了灰鸽子木马病毒远控程序，利用这些外挂，外挂作者可以实现远程控制用户计算机，扫描用户电脑存储数据，非法获取用户计算机信息等恶劣行径。腾讯守护者计划安全团队迅速联合江苏淮安警方进行打击。2018年2月份，淮安警方赴广东阳江市、吉林长春市将外挂及病毒作者王某、总销售林某、总代理张某抓获归案。经警方统计，该团伙的外挂用户数量高达20余万人，总案值达2000余万元，此案目前还在进一步侦办中。\r\n    </p>\r\n<p>\r\n    网络不是法外之地，参与制作、传播游戏外挂的行为必将面临法律的严惩。在宣布代理《绝地求生》国服伊始，腾讯便成立“反外挂小组”表露其在反外挂行动上的持久战态度。面对外挂制作、销售、使用的黑色产业链，腾讯也已经具备一套完整的查证和应对方案。2017年12月26日，腾讯公布《绝地求生》国服五大反外挂计划，从运营、技术、监管、法律、自控等不同维度，与外挂制作者及使用者进行全面“攻防”。\r\n</p>\r\n<p>\r\n    未来，腾讯还将持续跟进各个外挂案件的后续进展，配合警方做好取证、鉴定等工作，确保案件的刑事打击力度，也将持续开展针对《绝地求生》外挂的线下打击。除了从源头切断外挂的制造，用系统阻隔外挂的使用外，也希望玩家们能一起行动起来，共同抵制各类游戏外挂及辅助工具，一起营造和守护公平、绿色的游戏环境。\r\n</p>'),
(5, '国服筹备进度公开 打造用户体验和品牌社会影响力', 'new', 1524499200000, '    <p>\r\n        4月22日UP2018腾讯新文创生态大会（以下简称UP大会）当晚，腾讯于北京举办了一场《绝地求生》国服生态交流会。\r\n    </p>\r\n    <p>\r\n        本次交流会邀请了来自各大硬件厂商和直播平台的代表与国内十余家媒体的嘉宾参加。\r\n    </p>\r\n    <p>\r\n        腾讯游戏副总裁黄凌冬、PUBG公司中国区总经理郑秀英、PUBG开发室室长李昌浩、PUBG公司创意总监Brendan Greene、腾讯互动娱乐合作市场部总经理朱峥嵘、腾讯互动娱乐PGame合作产品中心总经理裘雪颖、腾讯互动娱乐市场总监金亦波等多位游戏行业人士，在现场与来宾们围绕游戏生态和游戏品牌的社会影响力进行交流，并进一步就未来合作进行探讨。\r\n    </p>\r\n    <p>\r\n        腾讯游戏副总裁黄凌冬在交流会上，对《绝地求生》国服做了详细介绍。目前，《绝地求生》国服正围绕版本内容、技术优化、安全服务、合作生态、电竞赛事、社区生态、社会影响力等七大模块，进行生态战略布局，力图打造一个优质的游戏品牌。\r\n    </p>\r\n    <p>\r\n        《绝地求生》国服生态交流会延续了同天举办的UP大会的主题，以一款游戏产品的视角，探讨了游戏与“新文创”行业生态的关联。\r\n    </p>\r\n    <div>\r\n        <img src=\"img/news/new/1524499200000/1524568871101738.jpg\" alt=\"\">\r\n    </div>\r\n    <p>\r\n        黄凌冬在《绝地求生》国服生态交流会现场介绍了《绝地求生》国服最新筹备进度。目前，国服正积极配合主管部门，对游戏进行优化调整。\r\n    </p>\r\n    <p>\r\n        他表示，《绝地求生》国服将为广大中国游戏玩家带来最高品质游戏体验。在保证游戏核心竞技玩法基础上，国服项目团队将与负责游戏开发的PUBG公司共同努力，为《绝地求生》国服注入更多有趣的中国元素。\r\n    </p>\r\n    <h3>\r\n        【版本内容】\r\n    </h3>\r\n    <p>\r\n        在生态交流会现场还进行了《绝地求生》游戏画面展示，以直观的形式向与会嘉宾展示《绝地求生》国服的最新面貌。\r\n    </p>\r\n    <div>\r\n        <img src=\"img/news/new/1524499200000/1524568887104376.png\" alt=\"\">\r\n    </div>\r\n    <p>\r\n        据介绍，国服将准备包括沙漠地图、国服世界观在内的完整汉化内容。同时游戏为新老玩家准备了国服专属T恤，参与国服预约或绑定活动即可获得。\r\n    </p>\r\n    <p>\r\n        据了解，《绝地求生》国服正积极配合主管部门，对游戏版本进行优化。未来，国服还将为玩家带来更多的专属内容。\r\n    </p>\r\n<h3>\r\n    【技术优化】\r\n</h3>\r\n<p>\r\n    《绝地求生》国服将采用目前国内顶尖的服务器配置，确保稳定的服务器和超流畅低延迟的网络环境。同时，国服实现了跨运营商全网络互联，让不同运营商下的用户享受同等游戏网速。\r\n</p>\r\n<h3>\r\n    【安全服务】\r\n</h3>\r\n<p>\r\n    建立《绝地求生》国服公平游戏环境是确保中国玩家游戏体验的重中之重。\r\n</p>\r\n<p>\r\n    国服项目组此前已公布五大反外挂计划，将联合公安机关、直播平台和广大玩家，从运营、技术、监管、法律、自控等不同维度，打击外挂产业链。\r\n</p>\r\n<h3>\r\n    【合作生态】\r\n</h3>\r\n<p>\r\n    《绝地求生》国服将坚持“全面开放、合作共赢、公平透明”三大理念，持续与主播、直播平台、网吧、校园、媒体、硬件厂商等不同领域的战略伙伴展开合作，共同构建一个更完善、更多元化的《绝地求生》国服共生生态链。\r\n</p>\r\n<p>\r\n    目前，《绝地求生》国服与英伟达正在合作研发国服专属驱动。\r\n</p>\r\n<h3>\r\n    【电竞赛事】\r\n</h3>\r\n<p>\r\n    未来，《绝地求生》国服将与主流电竞战队达成深度合作。\r\n</p>\r\n<p>\r\n    《绝地求生》国服项目组将为职业战队提供技术及资金支持，除了打造职业化赛事体系外，还将搭建更为立体的电竞晋级机制，为大众玩家打造《绝地求生》全民电竞赛事体系。\r\n</p>\r\n<p>\r\n    据了解，截至2018年4月，《绝地求生》国服已与近300支绝地求生战队达成深度合作，覆盖所有老牌电竞战队和当前新兴战队。\r\n</p>\r\n<h3>\r\n    【社区生态】\r\n</h3>\r\n<p>\r\n    目前《绝地求生》国服项目组也正全力打造国服社区App，这将成为游戏资讯、优质视频内容、海量趣味短视频、深度游戏攻略、赛事信息及国服最新福利等内容发布平台。同时，APP也将成为玩家交流互动的社区，以及玩家与游戏官方团队沟通的绿色通道。\r\n</p>\r\n<h3>\r\n    【社会影响力】\r\n</h3>\r\n<p>\r\n    作为一款拥有庞大用户基数的游戏产品，《绝地求生》国服自引进以来，一直在思考游戏与社会的关系。\r\n</p>\r\n<p>\r\n    目前，国服已与多家媒体达成初步合作意向。未来，双方将围绕游戏的正向价值展开合作，打造游戏品牌积极向上的社会影响力。\r\n</p>\r\n<p>\r\n    作为国内数字文化及文创产业领军企业，腾讯在保证玩家们高品质游戏体验的同时，也始终坚持为用户们传递具有教育指导意义的游戏内容，《绝地求生》国服的本土化打造积极融入中国元素，突出游戏的团队协作和公平竞技属性，期待每一个中国玩家能在自己的主场，与战友并肩作战！\r\n</p>'),
(6, '《绝地求生》国服赛事解说与主持人招募计划启动', 'new', 1522598400000, '    <p>\r\n        喜欢玩游戏、看直播、热爱电竞赛事的你是否有着成为一名专业赛事解说/主持人的梦想？\r\n    </p>\r\n    <p>\r\n        4月2日，《绝地求生》国服正式启动赛事解说与主持人招募计划，邀请热爱《绝地求生》的你共同打造更好玩更专业的赛事，为广大观众打造最优质的观赛体验。\r\n    </p>\r\n    <div>\r\n        <img src=\"img/news/new/1522598400000/1522664503134764.jpg\" alt=\"\">\r\n    </div>\r\n    <p>\r\n        活动报名时间：2018年4月2日至4月30日\r\n    </p>\r\n    <a href=\"javascript:;\">》》》立即点击前往报名</a>\r\n    <h4>\r\n        关于本次招募计划选拔\r\n    </h4>\r\n    <p>\r\n        本次《绝地求生》国服赛事解说与主持人招募计划旨在通过全方位的考核，为《绝地求生》相关赛事输出专业的人才，通过赛事解说/主持人专业的知识，独特的见解，把《绝地求生》游戏和赛事更好的呈现在公众面前，打造更规范的游戏环境。\r\n    </p>\r\n    <p>\r\n        《绝地求生》国服赛事解说与主持人招募计划将于4月2日启动，报名截止至4月30日结束。线上报名后，通过官方简历筛选和面试等流程的赛事解说/主持人，将有机会接受《绝地求生》国服提供的培训或游戏业界解说/主持人进行的专业指导，官方会根据赛事解说/主持人的实力与潜力推荐至不同的相关赛事进行实训，表现优秀的赛事解说/主持人将加入《绝地求生》赛事合作体系，有机会解说或主持官方举办或授权的相关赛事。\r\n    </p>\r\n    <h4>\r\n         我们心目中的赛事解说是这样的：\r\n    </h4>\r\n    <p>\r\n        1、热爱《绝地求生》，开朗积极幽默\r\n    </p>\r\n    <p>\r\n        2、口齿清晰，形象端庄\r\n    </p>\r\n    <p>\r\n        3、对国内外《绝地求生》战队战术策略有独到见解\r\n    </p>\r\n    <p>\r\n        4、熟悉并了解各类游戏知识\r\n    </p>\r\n<h4>\r\n    我们心目中的赛事主持是这样的：\r\n</h4>\r\n<p>\r\n    1、具备撰稿能力&编导能力\r\n</p>\r\n<p>\r\n    2、幽默风趣、活泼开朗\r\n</p>\r\n<p>\r\n    3、具备播音主持功底\r\n</p>\r\n    <h4>\r\n        招募计划参与规则：\r\n    </h4>\r\n<p>\r\n    1、面向所有热爱《绝地求生》及其赛事并有意向成为赛事解说或主持人的《绝地求生》用户\r\n</p>\r\n<p>\r\n    2、拥有正面、积极的公众形象，无不良游戏记录\r\n</p>\r\n<p>\r\n    3、具体面试和专业培训地址和安排后续告知，敬请期待\r\n</p>\r\n<p>\r\n    4、招募选拔的官方赛事解说/主持人与官方赛事均为商业合作关系，与Tencent并无劳动/劳务合同及经纪合同等关系\r\n</p>\r\n<h4>\r\n  如何成为一名官方赛事解说/主持：\r\n</h4>\r\n<p>\r\n    1、自行参与线上报名，保证所填资料真实性，或者由艺人经纪公司/直播平台推荐简历；\r\n</p>\r\n<p>\r\n    2、由《绝地求生》国服进行简历筛选，通过筛选的新人将安排面试，面试会另行通知，请报名者保持联系畅通；\r\n</p>\r\n<p>\r\n    3、面试通过后，接受《绝地求生》国服提供的系统培训，具体面试和专业培训地址和安排后续告知，敬请期待；\r\n</p>\r\n<p>\r\n    4、培训结束后，将根据实力与潜力推荐至不同的赛事进行实训；\r\n</p>\r\n<p>\r\n    5、实训结束后，将根据《绝地求生》国服赛事运营团队考核的结果，优秀的赛事解说/主持人将正式加入赛事合作体系； </p>\r\n<h4>\r\n    *报名注意事项\r\n</h4>\r\n<p>\r\n    每个QQ号仅可报名一次，但报名资料即使提交后也可修改\r\n</p>\r\n<p>\r\n    如有任何疑问，欢迎发送邮件至pubgchinaesports@tencent.com进行询问\r\n</p>'),
(7, '温馨提示！小心不法分子的隐藏陷阱', 'new', 1522166400000, ' <p>\r\n        《绝地求生》国服的”老兵回归”活动一经推出就受到广大玩家欢迎，因此也有不法分子想趁虚而入。就在近日，我们接到玩家举报，发现一些不法分子通过伪基站邮件群发的形式，以“第XXXX位老兵奖励”为主题，向用户推荐一个非受信的链接，一旦用户点击链接，便会通过其中植入的钓鱼软件泄露自己的个人信息。\r\n    </p>\r\n    <div>\r\n        <img src=\"img/news/new/1522166400000/1522218404561812.png\" alt=\"\">\r\n    </div>\r\n    <p>\r\n        在此，我们向广大玩家朋友们申明：目前《绝地求生》国服官方未向用户发送任何关于“老兵活动奖励”的邮件，请大家注意辨别虚假欺诈信息，避免个人信息泄漏。\r\n    </p>\r\n    <h3>\r\n        《绝地求生》国服“老兵回归”活动参与方式\r\n    </h3>\r\n    <p>\r\n        登录《绝地求生》官方助手绝地求生社区，绑定游戏账号便可以获得老兵专属饰品道具！绝地求生社区，官方出品，值得信赖，为你即将开启的国服之旅保驾护航！\r\n    </p>\r\n    <div>\r\n        <img src=\"img/news/new/1522166400000/1522218429623419.png\" alt=\"\">\r\n    </div>\r\n    <h3>\r\n        绝地求生社区：最专业的玩家交流社区\r\n    </h3>\r\n    <p>\r\n        绝地求生社区不仅仅有最可靠的官方消息，操作教学、战术详解、逗趣视频、精彩集锦等更是应有尽有，大千绝地，尽收眼底！\r\n    </p>\r\n    <div>\r\n        <img src=\"img/news/new/1522166400000/1522218454190012.png\" alt=\"\">\r\n    </div>\r\n    <p>\r\n        社区独享官方数据接口，实时战绩精准分析，快人一步抢占先机。\r\n    </p>\r\n    <div>\r\n        <img src=\"img/news/new/1522166400000/1522218469280764.png\" alt=\"\">\r\n    </div>\r\n    <p>\r\n        另外，每周都会有丰富多彩的有奖活动，签到赢鸡腿兑限定时装，参与话题发动态赚海量Q币，只要持续关注，精彩豪礼抢个不停！\r\n    </p>\r\n    <div>\r\n        <img src=\"img/news/new/1522166400000/1522218492598976.png\" alt=\"\">\r\n    </div>\r\n    <p>\r\n        最最吸引人的，其实还是社区强大的社交系统。在万能的动态圈，可以满足你关于《绝地求生》的一切需求：游戏理解、玩法探讨、战术交流，秀战绩、寻战友……\r\n    </p>\r\n    <div>\r\n        <img src=\"img/news/new/1522166400000/1522218504104128.png\" alt=\"\">\r\n    </div>\r\n<p>\r\n    前沿资讯海量攻略，实时动态一手掌握！绝地求生社区，致力于做最专业、最多元、最有态度的《绝地求生》玩家交流社区，求生有法则，落地不成盒！\r\n</p>'),
(8, '过年七天乐！《绝地求生》国服社区春节送好礼！', 'new', 1518652800000, '    <p>\r\n        新春将至，相信很多小伙伴已经踏上了归家的路途，赶回属于自己的“天命圈”，我们也在这里献上一份新春祝福，祝大家：狗年大吉，天天吃鸡，新年旺旺旺！\r\n    </p>\r\n    <p>\r\n        春节假期中，我们为全体玩家准备了各种福利满满的春节活动！官方微信公众号为大家准备了春节系列小活动，参加活动即有机会轻松得Q币！官方社区APP为大家准备了春节“冲顶大会”，参与问答共同瓜分30万Q币大奖！大家在过年团聚、吃鸡闲暇之余，来社区和其他小伙伴一起参与活动吧！\r\n    </p>\r\n    <h4>\r\n        【官方社区APP】\r\n    </h4>\r\n    <span>\r\n        活动一：吃鸡有姿势 瓜分30万Q币大奖\r\n    </span>\r\n    <p>\r\n        开年巨献“吃鸡有姿势”，2月16日-2月18日（年初一至初三）每天中午十二点，脑力吃鸡，答题闯关，每天答对十题即可瓜分Q币大奖！邀请好友下载还可获得宝贵复活机会！\r\n    </p>\r\n    <span>\r\n        活动二：每日社区签到 领专属T恤\r\n    </span>\r\n    <p>\r\n        社区每日登录签到，可领取“鸡腿”，兑换绝地求生社区专属T恤与神秘大礼！\r\n    </p>\r\n    <div>\r\n        <img src=\"img/news/new/1518652800000/1518496862128013.jpg\" alt=\"\">\r\n    </div>\r\n    <h3>\r\n        【官方微信公众号】\r\n    </h3>\r\n    <p>\r\n        官方微信公众号也为大家准备了一系列轻松有趣的活动和丰厚的Q币奖励，参与活动，将有机会获得Q币福利哟！\r\n    </p>\r\n    <p>\r\n        2月15日~2月23日：春节活动第一弹--除夕夜，对春联\r\n    </p>\r\n    <p>\r\n        2月16日~2月23日：春节活动第二弹--眼力考验，初一寻“好运”\r\n    </p>\r\n    <p>\r\n        2月18日~2月23日：春节活动第三弹--春节“求生”指南，平安过节的正确姿势\r\n    </p>\r\n    <p>\r\n        2月20日~2月23日：春节活动第四弹--地图测验，看看谁才是真正的老司机\r\n    </p>\r\n    <h4>\r\n        参与方式：\r\n    </h4>\r\n    <p>\r\n        方式一：扫描上方二维码直接关注绝地求生官方公众号\r\n    </p>\r\n    <p>\r\n        方式二：进入微信--点击右上角“+”号--点击“添加朋友”--点击“公众号”--搜索“绝地求生”或“jdqstx”关注公众号\r\n    </p>\r\n<p>\r\n    活动将在对应的日期通过公众号推文方式开启，敬请期待！\r\n</p>\r\n<p>\r\n    最后，再次祝大家新春快乐，狗年旺旺旺！记得一起来参加活动拿Q币哟！\r\n</p>'),
(9, '感恩有你 国服内测预约超500万', 'notice', 1515945600000, '    <p>\r\n        亲爱的士兵们：\r\n    </p>\r\n    <p>\r\n        自官方开启国服内测预约活动至今，《绝地求生》预约人数已经超过500万。\r\n    </p>\r\n    <p>\r\n        所有预约国服内测的士兵们，未来都能获得一份预约专属纪念礼【国服绝版T恤】，邀请3名好友还能获得【朋克眼镜】。\r\n    </p>\r\n    <a href=\"javascript:;\">有奖预约国服内测》》》</a>\r\n    <p>\r\n        在此衷心感谢广大士兵们对《绝地求生》的热爱与支持，我们将会以更出色的游戏品质，来回馈始终关注我们，支持我们的士兵们。\r\n    </p>\r\n    <p>\r\n        未来，让我们一起在国服中并肩作战！\r\n    </p>'),
(10, '老兵登机绑定恢复公告', 'notice', 1515945600000, '    <p>\r\n        亲爱的老兵们：\r\n    </p>\r\n    <p>\r\n        目前海外第三方接口已逐渐恢复正常，各位老兵可继续尝试登机，回归绑定。\r\n    </p>\r\n    <a href=\"javascript:;\">老兵回归登机》》》</a>\r\n    <p>\r\n        由于海外第三方接口可能发生不稳定情况，如您在绑定过程中遇到提示密码错误、加载超时、连接服务器失败、无法登录等异常情况，请耐心等待，稍后再做尝试。由此给您造成的不便，敬请谅解。\r\n    </p>'),
(11, '老兵登机活动绑定公告', 'notice', 1515859200000, '    <p>\r\n        亲爱的老兵们：\r\n    </p>\r\n    <p>\r\n        今日，由于海外第三方接口发生不稳定情况，部分老兵可能在绑定过程中遇到提示密码错误、加载超时、连接服务器失败、无法登录等异常情况。\r\n    </p>\r\n    <p>\r\n        老兵绑定会持续开放，待第三方海外接口恢复稳定后，您可再次尝试绑定。\r\n    </p>\r\n    <p>\r\n        您也可以在预约中留下QQ和手机，绑定功能恢复正常后，我们会第一时间通过短信通知您。一切信息以官方公告为准，请不要轻信个人用户或其它三方平台虚假绑定信息。\r\n    </p>\r\n    <p>\r\n        目前，已经成功完成绑定的老兵数据、福利不会受到影响。\r\n    </p>\r\n    <p>\r\n        此外，无论您是否完成了老兵登机，都可以预约国服内测，未来即可获取一件国服绝版定制T恤，更有一定机会参与内测，邀请好友预约还有额外礼物。\r\n    </p>\r\n    <a href=\"javascript:;\">马上预约国服内测》》》</a>\r\n    <p>\r\n        给大家带来的不便，非常抱歉。再次感谢您对《绝地求生》的关注、热爱和支持！\r\n    </p>'),
(12, '五大反外挂计划，对外挂进行多维度“攻防”', 'notice', 1514217600000, '    <p>\r\n        在11月22日正式获得《绝地求生》国服代理权之后，针对用户们反馈的外挂问题，腾讯一直关注，并于12月1日的腾讯游戏嘉年华《绝地求生》发布会上宣称将严厉打击《绝地求生》外挂，为玩家们营造一个公平的游戏竞技环境。\r\n    </p>\r\n    <p>\r\n        今天，腾讯又打出一套组合拳，正式公布《绝地求生》国服五大反外挂计划——腾讯将从运营、技术、监管、法律、自控等不同维度，与外挂制作者及使用者进行全面“攻防”。从源头切断外挂的制造，用系统阻隔外挂的使用，正向引导玩家杜绝使用外挂，从需求端打击外挂市场，从而净化《绝地求生》国服游戏环境。\r\n    </p>\r\n    <p>\r\n        《绝地求生》国服五大反外挂计划：\r\n    </p>\r\n    <h4>\r\n        1、反外挂小组成立\r\n    </h4>\r\n    <p>\r\n        为保障玩家拥有一个绿色、公平的游戏环境，国服运营团队已联合“腾讯游戏安全中心”、“腾讯安全管理部”成立“国服反外挂专项小组”，致力通过技术和法律手段保障游戏稳定运营。\r\n    </p>\r\n    <h4>\r\n        2、TP反外挂保障\r\n    </h4>\r\n    <p>\r\n        国服将采取全年无休的安全保障，在提高外挂使用门槛的同时，通过一系列技术手段快速对外挂样本进行实时收集和分析。力求在短时间内及时查证及时打击，所有外挂使用者一经查实将遭到最严厉的线上实时处罚。\r\n    </p>\r\n    <h4>\r\n        3、严谨举报查证\r\n    </h4>\r\n    <p>\r\n        《绝地求生》国服会实时将举报数据与TP反外挂检测进行交叉校验，所有有效举报都能得到线上举报结果反馈。反外挂专项小组号召玩家们一起参与到维护游戏环境的行动中来。\r\n    </p>\r\n    <h4>\r\n        4、线下刑事打击\r\n    </h4>\r\n    <p>\r\n        腾讯安全管理部长期与警方保持合作，在外挂打击领域拥有丰富的线下刑事打击经验。“国服反外挂专项小组”将持续积极配合警方对外挂等黑产进行线下刑事打击，致力从源头对外挂进行拦截围堵。\r\n    </p>\r\n    <h4>\r\n        5、独创游戏信用\r\n    </h4>\r\n    <p>\r\n        腾讯游戏安全中心将为《绝地求生》国服独创一套“绝地求生专属游戏信用体系”，鼓励玩家持续保持正向、健康的游戏行为，减少在游戏中使用外挂、挂机、恶意辱骂等作弊和消极行为，为玩家提供更好的游戏环境和游戏体验。\r\n    </p>\r\n    <p>\r\n        在《绝地求生》国服还未上线前，腾讯就已经着手解决《绝地求生》的外挂问题，并通过一些列“反外挂”实际行动，表达坚决抵制外挂的态度，力求每位玩家的游戏体验及合法权益不受侵害。同时，腾讯也希望玩家们能一起行动起来，共同抵制各类游戏外挂及辅助工具，一起营造一个公平绿色的游戏环境。\r\n    </p>'),
(13, '腾讯联手警方重拳出击 《绝地求生》外挂首案告破', 'notice', 1513872000000, '    <p>\r\n        12月13日，腾讯公司联手无锡江阴警方破获一起利用《绝地求生》游戏外挂非法谋利的重大案件，3名核心涉案犯罪嫌疑人全部落网，并对犯罪事实供认不讳。这是腾讯宣布获得《绝地求生》国服独家代理权以来，破获的首起《绝地求生》外挂制作、传播案件。\r\n    </p>\r\n    <h3>\r\n        《绝地求生》首例外挂案告破 “望月”“神兵”团伙被捣毁\r\n    </h3>\r\n    <p>\r\n        《绝地求生》自上线以来，凭借着出众的游戏质量赢得了许多玩家的认可。但与此同时，一些外挂制作者也铤而走险，制售外挂牟取非法利润，严重影响了游戏的公平性与用户的利益。\r\n    </p>\r\n    <p>\r\n        在11月22日宣布获得代理权以后，针对用户反馈的外挂问题腾讯高度关注，并成立专项的反外挂小组收集外挂制作及销售线索，在调查过程中，还发现该团伙也在制售腾讯旗下其他游戏外挂。在腾讯守护者计划安全团队的协助下，无锡江阴警方于12月13日成功抓捕并捣毁了“望月”、“神兵”等多个外挂制作及销售团伙，犯罪嫌疑人被悉数抓捕归案，现已被刑事拘留。\r\n    </p>\r\n    <div>\r\n        <img src=\"img/news/notice/1513872000000/1513914005872368.jpg\" alt=\"\">\r\n    </div>\r\n    <div>\r\n        <img src=\"img/news/new/1513872000000/1513914033556095.jpg\" alt=\"\">\r\n    </div>\r\n    <div>\r\n        <img src=\"img/news/new/1513872000000/1513920706425166.jpg\" alt=\"\">\r\n    </div>\r\n    <p>\r\n        早在12月1日的腾讯游戏嘉年华《绝地求生》发布会上，腾讯郑重向玩家承诺：将通过法律和技术手段，给玩家打造一个绿色、公平的游戏环境。此次行动，充分表明了腾讯对于《绝地求生》国服反外挂的决心与态度。\r\n    </p>\r\n    <h3>\r\n        技术与法律结合，共同维护国服绿色游戏环境\r\n    </h3>\r\n    <p>\r\n        网游世界是虚拟的，但同样受到现实法律的约束。不仅用户的虚拟财产得到现实法律保护，同时用户在游戏中使用不当手段非法牟利，也将获得法律的制裁。\r\n    </p>\r\n    <p>\r\n        根据《刑法》规定：“破坏计算机信息系统罪后果严重的，处五年以下有期徒刑或者拘役；后果特别严重的，处五年以上有期徒刑”。因此，用户参与制作、传播游戏外挂，必将面临法律的严惩。\r\n    </p>\r\n    <p>\r\n        面对外挂制作、销售、使用的黑色产业链，腾讯具备一套完整的查证和应对方案。国服《绝地求生》的线上游戏安全将由腾讯自主研发的“TP反外挂系统”提供实时保障。同时，腾讯在外挂的刑事案件打击方面，也与警方有长期合作。2017年1-11月，腾讯守护者计划安全团队协助警方破获了外挂案件30余起，抓获犯罪嫌疑人120余人。未来，腾讯也将会公布更多游戏安全专项预防信息和内容，敬请关注！\r\n    </p>\r\n    <p>\r\n        腾讯也期待，每一个玩家都能行动起来，抵制各类游戏外挂/辅助工具，为营造一个绿色、公平的游戏环境做出自己的贡献。     </p>\r\n    <p>\r\n        腾讯将会和所有玩家一起，共同营造并守护《绝地求生》国服绿色、公平的游戏环境！\r\n    </p>'),
(14, '国服老兵感恩红包 每天666个666 Q币贺新年', 'activity', 1518451200000, '    <p>\r\n        新春将至，祝各位老兵们“苟”年大吉，天天吃鸡！\r\n    </p>\r\n    <p>\r\n        恭贺新春，《绝地求生》国服特地准备了老兵感恩红包，每天送出666个666Q币大奖，以及若干个6Q币奖励，感谢各位老兵一直以来对《绝地求生》国服的关注与支持。\r\n    </p>\r\n    <p>\r\n        没有获得Q币大奖的老兵也不要气馁，我们也准备了绝地求生社区APP鸡腿奖励，获得鸡腿奖励的老兵未来也可以在官方社区APP中兑换丰富的奖励。\r\n    </p>\r\n    <div>\r\n        <img src=\"img/news/activity/1518451200000/1518489517681544.png\" alt=\"\">\r\n    </div>\r\n    <h4>\r\n        【领取时间】：\r\n    </h4>\r\n    <p>\r\n        2018年2月13日~2018年2月25日\r\n    </p>\r\n    <h4>\r\n        【领取规则】：\r\n    </h4>\r\n    <p>\r\n        1. 当老兵绑定人数达到800万，828万，888万时，每位绑定过的老兵可获得一个老兵红包，且有机会获得666Q币大奖，每个QQ号限获得3个红包；\r\n    </p>\r\n    <p>\r\n        2. Q币奖励将会直接发放至参与感恩红包抽奖的QQ账号内，请注意查收；\r\n    </p>\r\n    <p>\r\n        3. 鸡腿奖励会在活动结束后的5个工作日之内自动发到对应的社区角色中，请确保您的QQ在2月26日前下载并登录过绝地求生社区APP，避免出现奖励无法发放的情况，您可以点击绝地求生社区APP左上角侧边栏，进入我的鸡腿即可查看您的鸡腿奖励；\r\n    </p>\r\n    <p>\r\n        4. 仅绑定过steam账号的老兵可以获得老兵红包；<a href=\"javascript:;\">立即绑定》》》</a>\r\n    </p>\r\n    <h3>\r\n        扫一扫立刻领取红包↓\r\n    </h3>\r\n    <div>\r\n        <img src=\"img/news/activity/1518451200000/1518489609139935.png\" alt=\"\">\r\n    </div>\r\n    <h4>\r\n        温馨提示：\r\n    </h4>\r\n    <p>\r\n        只有在《绝地求生》国服绑定过steam账号的老兵可以领取老兵感恩红包，请还没绑定过的老兵速速绑定领取Q币红包！\r\n    </p>\r\n    <a href=\"javascript:;\">\r\n        立即绑定老兵账号》》》\r\n    </a>\r\n    <p>\r\n        再次感谢各位老兵一直以来对《绝地求生》国服的关注与支持，在新春佳节来临之际，祝您大吉大利，天天吃鸡！\r\n    </p>'),
(15, '国服预约破千万 顶级显卡外设豪礼相送！', 'activity', 1518364800000, '    <p>\r\n        截止至2月8日，《绝地求生》国服预约玩家已突破千万大关！为了答谢广大玩家对《绝地求生》国服的热爱和支持，现战友集结奖励全面升级，为广大玩家的“吃鸡”之旅再添新动力！\r\n    </p>\r\n    <div>\r\n        <img src=\"img/news/activity/1518364800000/1518436040727184.jpg\" alt=\"\">\r\n    </div>\r\n    <h4>\r\n        【活动时间】:\r\n    </h4>\r\n    <p>\r\n        2月12日-2月26日\r\n    </p>\r\n    <h4>\r\n        【活动规则】:\r\n    </h4>\r\n    <p>\r\n        活动期间，战友集结奖励全面升级，海量Q币、高端外设豪礼相送，玩家只需参与活动邀请好友入驻《绝地求生》国服，即可获得抽奖机会\r\n    </p>\r\n    <h4>\r\n        【活动奖励】:\r\n    </h4>\r\n    <p>\r\n        【黑寡妇蜘蛛幻影V2机械键盘】——炫彩灯光，灵敏无冲按键，绝佳手感让操作更顺滑!\r\n    </p>\r\n    <p>\r\n        【罗技G533&G433电竞耳机】——听声辨位、团队指挥，它们是你最好的帮手！\r\n    </p>\r\n    <p>\r\n        【雷蛇 巴塞利斯蛇游戏鼠标】——精准移动不掉帧，炫酷造型彰显华丽枪法！\r\n    </p>\r\n    <p>\r\n        【英伟达GeForceGTX 1060 6G显卡】——流畅吃鸡不卡顿，画质提升可不止一个档次！\r\n    </p>\r\n    <div>\r\n        <img src=\"img/news/activity/1518364800000/1518436054304356.jpg\" alt=\"\">\r\n    </div>\r\n    <a href=\"javascript:;\">战友集结抽奖直达》》》 </a>\r\n    <p>\r\n        除了以上的礼品外，所有邀请三位好友预约国服的玩家，均可免费领取《绝地求生》国服稀有装扮【眼镜（朋克）】\r\n    </p>\r\n    <div>\r\n        <img src=\"img/news/activity/1518364800000/1518436070817618.png\" alt=\"\">\r\n    </div>\r\n    <p>\r\n        大世界，新体验 《绝地求生》国服等你来战！更多精彩内容敬请关注《绝地求生》国服官方网站、“绝地求生社区”APP。新年大吉，祝你吃鸡！\r\n    </p>'),
(16, 'PUBG公司与腾讯联合活动 恭迎老兵登机', 'activity', 1516204800000, '    <p>\r\n        为感谢一直支持和热爱《绝地求生》的老兵们，PUBG公司与腾讯运营团队共同为老兵们准备了定制T恤“天命”和“百战贝雷帽”等专属福利。\r\n    </p>\r\n    <p>\r\n        此外，为了方便各位老兵快速绑定账号后领取丰厚登机好礼，PUBG公司还专为中国玩家在Steam版本中开启了老兵绑定快速通道。\r\n    </p>\r\n    <h3>\r\n        老兵绑定快速通道使用步骤\r\n    </h3>\r\n    <p>\r\n        第一步：登陆Steam版《绝地求生》\r\n        <span>（请确认关闭网络加速器）</span>\r\n    </p>\r\n    <p>\r\n        第二步：在游戏大厅中，点击“绑”按钮\r\n        <span>（请确认使用的是中文操作系统，并选择了中文游戏语言）</span>\r\n    </p>\r\n    <p>\r\n        第三步：登录要绑定的QQ号，完成绑定操作\r\n        <span>（该QQ号即未来登陆国服的账号）</span>\r\n    </p>\r\n    <h3 style=\"color:#e36c09\">\r\n        完成绑定后您还将在steam获得一个小礼物：无边帽\r\n    </h3>\r\n    <div>\r\n        <img src=\"img/news/activity/1516204800000/1516256412117996.jpg\" alt=\"\">\r\n    </div>\r\n    <h3>\r\n        老兵绑定快速通道FAQ\r\n    </h3>\r\n    <p>\r\n        Q：使用快速绑定通道和绑定器以及APP绑定有什么区别？\r\n    </p>\r\n    <p>\r\n        A：没有区别，通过任何一种方式绑定后，都可以在国服领取老兵专属福利，未来也可使用绑定的QQ号免费登陆国服。\r\n    </p>\r\n    <a href=\"javascript:;\">\r\n        前往老兵登机页面领取福利》》》\r\n    </a>\r\n    <p></p>\r\n    <a href=\"javascript:;\">\r\n        查询账号绑定情况>>>\r\n    </a>\r\n    <br>\r\n<p>\r\n    Q：什么样的用户可以绑定？\r\n</p>\r\n<p>\r\n    A：2018年1月12日凌晨00：00之前在steam《绝地求生》创建角色的玩家，可绑定QQ号和steam账号，登记老兵身份，享受回归服务\r\n</p>\r\n    <br>\r\n<p>\r\n    Q：为什么我登录游戏，没有看到绑按钮？\r\n</p>\r\n<p>\r\n    A：请确认关闭了网络加速器，且确认使用的是中文操作系统，并选择了中文游戏语言。\r\n</p>\r\n    <br>\r\n<p>\r\n    Q：已经绑定过的账号，能否通过快速通道同时绑定多个账号？\r\n</p>\r\n<p>\r\n    A：不能，快速通道和绑定器以及APP数据互通，QQ账号只能与Steam账号一一对应进行绑定。\r\n</p>\r\n    <br>\r\n<p>\r\n    Q：使用快速通道完成绑定后，能否解绑？\r\n</p>\r\n<p>\r\n    A：可以在绑定完24小时后，下载并使用绑定器进行解绑 。\r\n    <a href=\"javascript:;\">点击进入绑定页面》》》</a>\r\n</p>\r\n    <br>\r\n<p>\r\n    Q：已经使用绑定器或APP完成绑定的玩家，是否可以领取无边帽\r\n</p>\r\n<p>\r\n    A：是的，您可以登录Steam《绝地求生》，点击绑定按钮领取\r\n</p>\r\n    <br>\r\n<p>\r\n    再次感谢各位玩家对《绝地求生》的支持与热爱。\r\n</p>\r\n<p>\r\n    期待每一个中国玩家能在自己的主场，与战友并肩作战！\r\n</p>'),
(17, '2018新年大吉大利 社区送好礼', 'activity', 1514563200000, '    <p>\r\n        一眨眼，2017年的余额就只剩下2天了。\r\n    </p>\r\n    <p>\r\n        2018年新年将至，祝大家大吉大利，新年快乐~\r\n    </p>\r\n    <h3>\r\n        跑圈的日子里，也别忘了欣赏沿途的风景~\r\n    </h3>\r\n    <p>\r\n        钢枪的日子里，也别忘了保重身体~\r\n    </p>\r\n    <br>\r\n    <p>\r\n        新年将至，感谢所有玩家一直对《绝地求生》的支持与喜爱，绝地求生社区APP还为各位玩家精心准备了【大吉大利双弹活动】，在元旦期间，只需登录绝地求生社区APP参与相关活动，就有机会获得Q币奖励。\r\n    </p>\r\n    <h4>\r\n        <span>\r\n            【大吉大利第一弹】你的心意我们的动力，@PUBG国服送祝福！\r\n        </span>\r\n    </h4>\r\n    <p>\r\n        活动时间：12月30日~1月3日\r\n    </p>\r\n    <div>\r\n        <img src=\"img/news/activity/1514563200000/1514629080106437.jpg\" alt=\"\">\r\n    </div>\r\n    <p>\r\n        相信很多玩家都在期待绝地求生国服的上线，提前为国服送上祝福吧，说说你的期待！\r\n    </p>\r\n<h4>\r\n    参与规则：\r\n</h4>\r\n    <p>\r\n        在元旦期间，登陆绝地求生社区并发表带有#PUBG国服#标签的话题，送出自己对PUBG国服的期待与祝福，即有机会赢取\r\n        <span style=\"color:red\">50Q币</span>\r\n        奖励，先到先得！\r\n    </p>\r\n    <br>\r\n    <h4>\r\n        <span>\r\n            【大吉大利第二弹】抢占先机！秀出你的新年第一！\r\n        </span>\r\n    </h4>\r\n    <p>\r\n        活动时间：1月1日~1月4日\r\n    </p>\r\n    <div>\r\n        <img src=\"img/news/activity/1514563200000/1514629102291217.jpg\" alt=\"\">\r\n    </div>\r\n\r\n    <p>\r\n        获胜永远都是所有绝地求生玩家的终极追求，2018年第一次获胜更值得纪念!\r\n    </p>\r\n    <h4>\r\n        参与规则：\r\n    </h4>\r\n    <p>\r\n        在活动期间，前100位选择#新年第一#话题发表自己新年里第一次成功获胜截图与心情的玩家即可获得50Q币奖励。\r\n    </p>\r\n<h4>\r\n    扫一扫立即下载绝地求生社区，与盒友们一起开黑赢新年首胜，夺新年好礼吧！\r\n</h4>\r\n    <div>\r\n        <img src=\"img/news/activity/1514563200000/1514629115636175.png\" alt=\"\">\r\n    </div>'),
(18, '五大反外挂计划，对外挂进行多维度“攻防”', 'activity', 1514217600000, '    <p>\r\n        在11月22日正式获得《绝地求生》国服代理权之后，针对用户们反馈的外挂问题，腾讯一直关注，并于12月1日的腾讯游戏嘉年华《绝地求生》发布会上宣称将严厉打击《绝地求生》外挂，为玩家们营造一个公平的游戏竞技环境。\r\n    </p>\r\n    <p>\r\n        今天，腾讯又打出一套组合拳，正式公布《绝地求生》国服五大反外挂计划——腾讯将从运营、技术、监管、法律、自控等不同维度，与外挂制作者及使用者进行全面“攻防”。从源头切断外挂的制造，用系统阻隔外挂的使用，正向引导玩家杜绝使用外挂，从需求端打击外挂市场，从而净化《绝地求生》国服游戏环境。\r\n    </p>\r\n    <p>\r\n        《绝地求生》国服五大反外挂计划：\r\n    </p>\r\n    <h4>\r\n        1、反外挂小组成立\r\n    </h4>\r\n    <p>\r\n        为保障玩家拥有一个绿色、公平的游戏环境，国服运营团队已联合“腾讯游戏安全中心”、“腾讯安全管理部”成立“国服反外挂专项小组”，致力通过技术和法律手段保障游戏稳定运营。\r\n    </p>\r\n<h4>\r\n    2、TP反外挂保障\r\n</h4>\r\n    <p>\r\n        国服将采取全年无休的安全保障，在提高外挂使用门槛的同时，通过一系列技术手段快速对外挂样本进行实时收集和分析。力求在短时间内及时查证及时打击，所有外挂使用者一经查实将遭到最严厉的线上实时处罚。\r\n    </p>\r\n<h4>\r\n    3、严谨举报查证\r\n</h4>\r\n    <p>\r\n        《绝地求生》国服会实时将举报数据与TP反外挂检测进行交叉校验，所有有效举报都能得到线上举报结果反馈。反外挂专项小组号召玩家们一起参与到维护游戏环境的行动中来。\r\n    </p>\r\n<h4>\r\n    4、线下刑事打击\r\n</h4>\r\n    <p>\r\n        腾讯安全管理部长期与警方保持合作，在外挂打击领域拥有丰富的线下刑事打击经验。“国服反外挂专项小组”将持续积极配合警方对外挂等黑产进行线下刑事打击，致力从源头对外挂进行拦截围堵。\r\n    </p>\r\n<h4>\r\n    5、独创游戏信用\r\n</h4>\r\n    <p>\r\n        腾讯游戏安全中心将为《绝地求生》国服独创一套“绝地求生专属游戏信用体系”，鼓励玩家持续保持正向、健康的游戏行为，减少在游戏中使用外挂、挂机、恶意辱骂等作弊和消极行为，为玩家提供更好的游戏环境和游戏体验。\r\n    </p>\r\n    <br>\r\n    <p>\r\n        在《绝地求生》国服还未上线前，腾讯就已经着手解决《绝地求生》的外挂问题，并通过一些列“反外挂”实际行动，表达坚决抵制外挂的态度，力求每位玩家的游戏体验及合法权益不受侵害。同时，腾讯也希望玩家们能一起行动起来，共同抵制各类游戏外挂及辅助工具，一起营造一个公平绿色的游戏环境。\r\n    </p>'),
(19, '《绝地求生》集结战友，入驻社区，赢取Q币', 'activity', 1514044800000, '<p>\r\n    在危机四伏的绝地求生世界中，想要获得最后的胜利并非易事，俗话说枪神也怕伏地魔，想要存活到最后，怎能没有一个不离不弃的好队友？→→→【绝地求生社区APP】：国服绝地求生爱好者的聚集地，刚枪王、伏地魔、团队指挥应有尽有，在这里你总能够找到属于自己的好战友。\r\n</p>\r\n<br>\r\n<p>\r\n    现在集结战友入驻社区，有机会赢Q币奖励\r\n</p>\r\n<div>\r\n    <img src=\"img/news/activity/1514044800000/1514120520121902.jpg\" alt=\"\">\r\n</div>\r\n<p>\r\n    活动时间：12月20日-12月26日\r\n</p>\r\n<p>\r\n    活动奖励：\r\n</p>\r\n<p>\r\n    活动期间，每日从符合参与要求的玩家中抽取20名，每人奖励30Q币\r\n</p>\r\n<h4>\r\n    参与方法：\r\n</h4>\r\n<p>\r\n    步骤一：下载 绝地求生社区APP\r\n</p>\r\n<div>\r\n    <img src=\"img/news/activity/1514044800000/1514120570134387.png\" alt=\"\">\r\n</div>\r\n<p>\r\n    步骤二：集结战友\r\n</p>\r\n<p>\r\n    方法一：点击底栏【动态】→选择【话题】→点击#集结战友赢QB# →发布Steam好友截图并写上你想对TA说的话\r\n</p>\r\n<p>\r\n    示列：\r\n</p>\r\n<div>\r\n    <img src=\"img/news/activity/1514044800000/1514120619712639.png\" alt=\"\">\r\n</div>\r\n<p>\r\n    温馨提示：须附上社区Steam好友列表截图\r\n</p>\r\n<div>\r\n    <img src=\"img/news/activity/1514044800000/1514120667933682.png\" alt=\"\">\r\n</div>\r\n<p>\r\n    方法二：在#集结战友赢QB#标签下，说出你与好友之间的故事，并@他\r\n</p>\r\n<p>\r\n    示列：\r\n</p>\r\n<div>\r\n    <img src=\"img/news/activity/1514044800000/1514120703384353.png\" alt=\"\">\r\n</div>\r\n<h4>\r\n    温馨提示：\r\n</h4>\r\n<p>\r\n    1、每日将挑选取优秀的动态内容进行推荐\r\n</p>\r\n<p>\r\n    2、活动结束后，将统计活动期间参与活动获得推荐的玩家，发放30QB奖励\r\n</p>\r\n<br>\r\n<h4>\r\n    关于绝地求生社区APP\r\n</h4>\r\n<br>\r\n<p>\r\n    绝地求生社区是《绝地求生》国服官方出品的一款掌上社区APP，里面包含了相当全面的游戏资料、攻略视频等内容。在这里，您不仅可以查询自己的战绩，还可以与其他喜欢吃鸡的玩家互动交友，参与官方的各种福利活动。随着国服正式上线的临近，绝地求生社区还将为玩家带来最新的游戏咨询。\r\n</p>'),
(20, '【多玩】绝地名人堂第一期：虎牙左手哥', 'media', 1518019200000, NULL);

-- --------------------------------------------------------

--
-- 表的结构 `patch_notes`
--

CREATE TABLE `patch_notes` (
  `pid` int(11) NOT NULL,
  `pimg` varchar(256) DEFAULT NULL,
  `purl` varchar(256) DEFAULT NULL,
  `ptitle` varchar(64) DEFAULT NULL,
  `pdc` varchar(512) DEFAULT NULL
) ENGINE=InnoDB DEFAULT CHARSET=utf8;

--
-- 转存表中的数据 `patch_notes`
--

INSERT INTO `patch_notes` (`pid`, `pimg`, `purl`, `ptitle`, `pdc`) VALUES
(1, 'img/index/notice_thumbnail_1527586754478.jpg', '###', 'PC 1.0 Update #15', 'Lorem ipsum dolor sit amet, consectetur adipisicing elit. Amet consequatur dicta, doloribus ea eius experes ducimus harum impedit inventore ipsa iusto placeat sequi suscipit? Accusamus consectetur deleniti earum '),
(2, 'img/index/notice_thumbnail_1527074657500.jpg', '###', 'Snake Testing Patch Notes #4', 'Lorem ipsum dolor sit amet, consectetur adipisicing elit. Amet consequatur dicta, doloribus ea eius expedita fugiat ipsam iusto nemo numquam omnis pariatur possimus quasi. Accusantium deserunt in itaque officia sed. Lorem ipsum dolor sit amet,');

--
-- Indexes for dumped tables
--

--
-- Indexes for table `gun_details`
--
ALTER TABLE `gun_details`
  ADD PRIMARY KEY (`did`),
  ADD KEY `type_id` (`type_id`);

--
-- Indexes for table `gun_type`
--
ALTER TABLE `gun_type`
  ADD PRIMARY KEY (`tid`);

--
-- Indexes for table `news`
--
ALTER TABLE `news`
  ADD PRIMARY KEY (`nid`);

--
-- 在导出的表使用AUTO_INCREMENT
--

--
-- 使用表AUTO_INCREMENT `gun_details`
--
ALTER TABLE `gun_details`
  MODIFY `did` int(11) NOT NULL AUTO_INCREMENT, AUTO_INCREMENT=18;

--
-- 使用表AUTO_INCREMENT `gun_type`
--
ALTER TABLE `gun_type`
  MODIFY `tid` int(11) NOT NULL AUTO_INCREMENT, AUTO_INCREMENT=6;

--
-- 使用表AUTO_INCREMENT `news`
--
ALTER TABLE `news`
  MODIFY `nid` int(11) NOT NULL AUTO_INCREMENT, AUTO_INCREMENT=21;

--
-- 限制导出的表
--

--
-- 限制表 `gun_details`
--
ALTER TABLE `gun_details`
  ADD CONSTRAINT `gun_details_ibfk_1` FOREIGN KEY (`type_id`) REFERENCES `gun_type` (`tid`);
COMMIT;

/*!40101 SET CHARACTER_SET_CLIENT=@OLD_CHARACTER_SET_CLIENT */;
/*!40101 SET CHARACTER_SET_RESULTS=@OLD_CHARACTER_SET_RESULTS */;
/*!40101 SET COLLATION_CONNECTION=@OLD_COLLATION_CONNECTION */;
